,mean_tp_pr,mean_st_pr,max_tp_pr,max_st_pr,sum_st_pr,sum_tp_pr,num_tp_pr,num_st_pr,num_trade_pr,max_st,max_st_power,min_st,min_st_power,max_tp,max_tp_power,min_tp,min_tp_power,value_front_intervals_pr_upper,value_front_intervals_pr_upper_power,value_front_intervals_pr_lower,value_front_intervals_pr_lower_power,value_back_intervals_pr_upper,value_back_intervals_pr_upper_power,value_back_intervals_pr_lower,value_back_intervals_pr_lower_power,diff_extereme,money,draw_down,score,methode
0,0.5872104779434419,0.17207344827039348,0.96,0.72,39.18430380394308,113.87020523028676,150,110,260,0.72,0.05333333333333334,0.33,0.05333333333333334,0.96,0.023923444976076555,0.69,0.0430622009569378,68.95594720416314,0.65,65.22295344055273,0.8,74.92743899514969,0.45161290322580644,70.83945636734995,0.5483870967741935,5,70346.30980196083,31.638911601574982,47.373285058520096,pr
1,0.6417810335318799,0.2554060817655856,1.0,0.63,59.392288119366775,125.48690247476767,138,137,275,0.63,0.14285714285714285,0.42,0.21428571428571427,1.0,0.1032258064516129,0.85,0.06451612903225806,74.59985221842138,0.9545454545454546,72.3952141117264,0.8181818181818182,80.81028107490857,0.92,78.45341614864807,1.0,0,60762.800689793476,49.00052909601441,24.144081735988102,pr
2,0.4356757091556866,0.09578135663129925,0.76,0.32,18.57454253919925,77.55133171900674,130,101,231,0.32,0.10810810810810811,0.19,0.17567567567567569,0.76,0.17105263157894737,0.54,0.15789473684210525,71.86570053006241,0.68,68.87106358001625,0.76,77.87426568290209,0.5416666666666666,74.65258385863461,0.6666666666666666,5,68088.147248503,12.960615268888695,43.214717225877735,pr
3,0.2762167569122887,0.03934780753993912,0.46,0.1,7.789896786323284,47.00807088775128,105,109,214,0.1,0.7578125,0.09,0.7578125,0.46,1.0,0.42,0.22289156626506024,76.22310479626012,1.0,75.36389225769341,1.0,82.50579055503198,1.0,81.62616513865575,1.0,5,32852.500910845905,8.71586204458992,28.27605645734234,pr
4,0.6879680491277876,0.29044551480003467,0.86,0.6,43.06728577424821,92.88,108,75,183,0.6,0.22058823529411764,0.59,0.22058823529411764,0.86,0.06432748538011696,0.86,0.06432748538011696,69.65720008502427,0.5416666666666666,69.54706059707195,0.5416666666666666,75.35465640565072,0.64,75.2324048096939,0.64,0,35400.61557535035,39.40370397957827,28.967241236908777,pr
