,mean_tp_pr,mean_st_pr,max_tp_pr,max_st_pr,sum_st_pr,sum_tp_pr,num_tp_pr,num_st_pr,num_trade_pr,max_st,max_st_power,min_st,min_st_power,max_tp,max_tp_power,min_tp,min_tp_power,value_front_intervals_pr_upper,value_front_intervals_pr_upper_power,value_front_intervals_pr_lower,value_front_intervals_pr_lower_power,value_back_intervals_pr_upper,value_back_intervals_pr_upper_power,value_back_intervals_pr_lower,value_back_intervals_pr_lower_power,diff_extereme,money,draw_down,score,methode
0,0.4880114307432535,0.25090687894464436,0.99,0.79,213.1000943068417,363.15587886751064,555,457,1012,0.79,0.15601783060921248,0.47,0.237741456166419,0.99,0.1457286432160804,0.68,0.1871859296482412,68.15281684771907,1.0,62.60687094572132,0.9289099526066351,60.299881266436465,0.9086294416243654,55.17595992549196,1.0,5,121563.20073224221,57.624707706185085,30.080002313338944,pr
1,0.3435397848445947,0.11818412331605818,0.65,0.38,105.05374598316084,241.7446558488915,475,527,1002,0.38,1.0,0.2,0.24834437086092714,0.65,1.0,0.44,0.36192109777015435,72.14895819582489,0.956989247311828,64.97269824720198,1.0,62.97585285497142,0.7092511013215859,56.084690322948404,1.0,5,188224.945033867,29.359110090986672,29.964869571364652,pr
2,0.6484966289203381,0.4834475874710784,0.9,0.9,215.33107517825732,266.1295904349913,307,263,570,0.84,0.15806451612903225,0.4,0.2,0.96,0.05693950177935943,0.59,0.03914590747330961,64.58306263759498,0.6868686868686869,57.447734972638386,0.8585858585858586,57.48458430558024,0.8181818181818182,51.11254668244297,0.9393939393939394,5,-11.705511415799101,96.40208391365907,5.409262757370684,pr
