,mean_tp_pr,mean_st_pr,max_tp_pr,max_st_pr,sum_st_pr,sum_tp_pr,num_tp_pr,num_st_pr,num_trade_pr,max_st,max_st_power,min_st,min_st_power,max_tp,max_tp_power,min_tp,min_tp_power,value_front_intervals_pr_upper,value_front_intervals_pr_upper_power,value_front_intervals_pr_lower,value_front_intervals_pr_lower_power,value_back_intervals_pr_upper,value_back_intervals_pr_upper_power,value_back_intervals_pr_lower,value_back_intervals_pr_lower_power,diff_extereme,money,draw_down,score,methode
0,0.5195778899399572,0.41114163070974935,0.78,0.65,161.66070117776354,176.01728647093967,226,269,495,0.65,0.22641509433962265,0.64,0.22641509433962265,0.78,0.14893617021276595,0.77,0.14893617021276595,96.52959791556924,0.776595744680851,96.44647294605721,0.776595744680851,90.78540174388993,0.39814814814814814,90.56546678933339,0.39814814814814814,0,-6.342263113292331,89.4762811808161,5.5698001700510344,pr
1,0.2518165475509037,0.21582907333456974,0.87,0.75,49.336668485842594,63.53086113834631,177,135,312,0.75,0.15765765765765766,0.54,0.11711711711711711,0.87,0.12552301255230125,0.66,0.1506276150627615,97.64094023090932,1.0,96.30972042855525,0.7887323943661971,94.8262837540355,0.7575757575757576,91.63620142237158,0.3434343434343434,0,448.1528853097069,70.33968282849386,5.570927562932886,pr
2,0.3109513437499241,0.2041647833149196,0.53,0.4,89.49695003644177,140.3815063802615,294,280,574,0.4,0.14210526315789473,0.32,0.21578947368421053,0.53,0.20765027322404372,0.43,0.2459016393442623,97.1856630279368,0.8607594936708861,96.37698273750048,0.5949367088607594,93.95751481203713,0.9714285714285714,91.92846347194872,0.5,5,46694.66671777305,49.695835875859004,25.00601186064461,pr
3,0.4256515029855457,0.28346809594783545,0.98,0.82,178.9025674773991,251.02033981920326,383,403,786,0.82,0.1111111111111111,0.43,0.10683760683760683,0.98,0.08053691275167785,0.6,0.09060402684563758,96.86888914578326,1.0,93.23674165275732,0.44871794871794873,93.39491959744015,0.9512195121951219,85.66745927562712,0.3780487804878049,0,63925.58573810809,62.93606630072151,15.361023434622656,pr
4,0.5626176551407073,0.337101086700047,0.88,0.66,26.921225652613792,41.484790779969856,50,49,99,0.66,0.15873015873015872,0.53,0.19047619047619047,0.88,0.09195402298850575,0.77,0.08045977011494253,55.082403562924306,1.0,53.61237137236076,0.9629629629629629,50.66788784652138,0.6,49.28830702543077,0.88,0,702.5002523768817,53.728392695049735,5.128657870326464,pr
