,num_st_pr,num_tp_pr,num_trade_pr,score,max_tp_pr,max_st_pr,mean_tp_pr,mean_st_pr,sum_st_pr,sum_tp_pr,money,draw_down,max_st,max_st_power,min_st,min_st_power,max_tp,max_tp_power,min_tp,min_tp_power,value_front_intervals_pr_upper,value_front_intervals_pr_upper_power,value_front_intervals_pr_lower,value_front_intervals_pr_lower_power,value_back_intervals_pr_upper,value_back_intervals_pr_upper_power,value_back_intervals_pr_lower,value_back_intervals_pr_lower_power,diff_extereme,methode
0,139,147,286,12.881128400909192,0.86,0.87,0.6156000462478267,0.3739776429218438,84.16677259860914,124.1882043118128,21951.954634543607,58.69478203645673,,,,,,,,,,,,,,,,,,
1,112,145,257,37.54859551608736,0.91,0.66,0.5830374159897064,0.3229126878646464,62.33525377355803,114.10476005525554,52500.92868793225,47.40990839258671,0.66,0.1764705882352941,0.48,0.1529411764705882,0.91,0.125,0.77,0.1015625,21.57100052779828,0.7777777777777778,17.74426655731566,0.5555555555555556,13.143680204110671,1.0,11.089012349061084,0.90625,5.0,pr
2,129,164,293,24.42774858880096,1.0,0.83,0.7577180136065609,0.4761031435631957,107.07,161.67740023421408,49728.98136036868,80.8731305977421,0.72,0.1774193548387097,0.52,0.1612903225806451,0.87,0.0944881889763779,0.75,0.1496062992125984,25.08641153018076,0.7297297297297297,20.58126580446953,1.0,14.602170242926247,1.0,12.13004702288923,0.8787878787878788,0.0,pr
3,136,179,315,26.758741308466046,0.85,0.71,0.504871803696407,0.3409579178899584,80.99070461208626,121.05058341427375,22019.77368269311,46.168730459738164,0.71,1.0,0.5,0.875,0.85,1.0,0.7,1.0,24.170270540488406,1.0,19.66022766556662,1.0,14.46072961163105,1.0,12.067536778013151,1.0,5.0,pr
4,106,142,248,37.916543822824984,0.94,0.75,0.5344604773700047,0.28558236035134393,52.57284568875099,102.33271505970865,46961.37552812872,41.3805022006228,0.75,1.0,0.42,0.4791666666666667,0.94,1.0,0.7,0.2535885167464115,24.678858559185294,0.7578947368421053,18.295658339546343,1.0,15.547783709987748,1.0,11.542544413878034,0.9431818181818182,5.0,pr
