,num_st_pr,num_tp_pr,num_trade_pr,score,max_tp_pr,max_st_pr,mean_tp_pr,mean_st_pr,sum_st_pr,sum_tp_pr,money,draw_down,max_st,max_st_power,min_st,min_st_power,max_tp,max_tp_power,min_tp,min_tp_power,value_front_intervals_pr_upper,value_front_intervals_pr_upper_power,value_front_intervals_pr_lower,value_front_intervals_pr_lower_power,value_back_intervals_pr_upper,value_back_intervals_pr_upper_power,value_back_intervals_pr_lower,value_back_intervals_pr_lower_power,diff_extereme,methode
0,139,147,286,12.881128400909192,0.86,0.87,0.6156000462478267,0.3739776429218438,84.16677259860914,124.1882043118128,21951.954634543607,58.69478203645673,,,,,,,,,,,,,,,,,,
1,112,145,257,37.54859551608736,0.91,0.66,0.5830374159897064,0.3229126878646464,62.33525377355803,114.10476005525554,52500.92868793225,47.40990839258671,0.66,0.17647058823529413,0.48,0.15294117647058825,0.91,0.125,0.77,0.1015625,21.57100052779828,0.7777777777777778,17.74426655731566,0.5555555555555556,13.143680204110671,1.0,11.089012349061084,0.90625,5.0,pr
