,num_st_pr,num_tp_pr,num_trade_pr,score,max_tp_pr,max_st_pr,mean_tp_pr,mean_st_pr,sum_st_pr,sum_tp_pr,money,draw_down
0,139,147,286,12.881128400909192,0.86,0.87,0.6156000462478267,0.3739776429218438,84.16677259860914,124.1882043118128,21951.954634543607,58.69478203645673
